{
  "json_version": "2.2.0.0",
  "resource": {
    "video": [
      {
        "id": "#1",
        "name": "main"
      }
    ]
  },
  "timeline": {
    "stages": [
      {
        "name": "VideoStage",
        "id": "1",
        "resource_id": "#1",
        "from_end": false,
        "start_point": "0",
        "length": "100%",
        "timeline": {
          "base": "timeline",
          "from_end": false,
          "start_point": "0"
        }
      }
    ]
  },
  "actions": {
    "video_actions": [
      {
        "name": "RGBAction",
        "input_type": "stage",
        "input_id":"1",
        "id": "1",
        "timeline": {
          "base": "timeline",
          "from_end": false,
          "start_point": "0%",
          "length": "100%"
        },
        "red": 1
      },
      {
        "name": "RGBAction",
        "input_type": "stage",
        "input_id":"1",
        "id": "2",
        "timeline": {
          "base": "timeline",
          "from_end": false,
          "start_point": "0%",
          "length": "100%"
        },
        "green": 1
      },
      {
        "name": "RGBAction",
        "input_type": "stage",
        "input_id":"1",
        "id": "3",
        "timeline": {
          "base": "timeline",
          "from_end": false,
          "start_point": "0%",
          "length": "100%"
        },
        "blue": 1
      },
      {
        "name": "LayoutAction",
        "id": "4",
        "timeline": {
          "base": "timeline",
          "from_end": false,
          "start_point": "0%",
          "length": "100%"
        },
        "blend_func": "overflow",
        "inputs": [
          {
            "type": "action",
            "id": "1",
            "animation": {
              "translation":[
                {
                  "value_size": 2,
                  "keys": [0,500],
                  "values":[0,0,0.015,0.015]
                },
                {
                  "value_size": 2,
                  "keys": [500,1000],
                  "values":[0,0,0,0]
                }
              ]
            }
          },
          {
            "type": "action",
            "id": "2",
            "animation": {
              "translation":[
                {
                  "value_size": 2,
                  "keys": [0,500],
                  "values":[0,0,-0.015,-0.015]
                },
                {
                  "value_size": 2,
                  "keys": [500,1000],
                  "values":[0,0,0,0]
                }
              ]
            }
          },
          {
            "type": "action",
            "id": "3",
            "x": 0,
            "y": 0
          }
        ]
      },
      {
        "name": "LayoutAction",
        "id": "5",
        "timeline": {
          "base": "timeline",
          "from_end": false,
          "start_point": "0%",
          "length": "100%"
        },
        "inputs": [
          {
            "type": "action",
            "id": "4",
            "animation": {
              "scale": [
                {
                  "value_size": 2,
                  "keys": [0,500],
                  "values": [1,1,1.3,1.3]
                },
                {
                  "value_size": 2,
                  "keys": [500,1000],
                  "values": [1,1,1,1]
                }
              ]
            }
          }
        ]
      }
    ]
  }
}