{
  "json_version": "2.2.0.0",
  "resource": {},
  "timeline": {
    "type": "momentary"
  },
  "actions": {
    "video_actions": [
      {
        "name": "RGBAction",
        "input_type": "input",
        "input_id":"",
        "id": "1",
        "timeline": {
          "base": "timeline",
          "from_end": false,
          "start_point": "0%",
          "length": "100%"
        },
        "red": 1
      },
      {
        "name": "RGBAction",
        "input_type": "input",
        "input_id":"",
        "id": "2",
        "timeline": {
          "base": "timeline",
          "from_end": false,
          "start_point": "0%",
          "length": "100%"
        },
        "green": 1
      },
      {
        "name": "RGBAction",
        "input_type": "input",
        "input_id":"",
        "id": "3",
        "timeline": {
          "base": "timeline",
          "from_end": false,
          "start_point": "0%",
          "length": "100%"
        },
        "blue": 1
      },
      {
        "name": "LayoutAction",
        "id": "4",
        "timeline": {
          "base": "timeline",
          "from_end": false,
          "start_point": "0%",
          "length": "100%"
        },
        "blend_func": "overflow",
        "inputs": [
          {
            "type": "action",
            "id": "1",
            "x": 0.015,
            "y": 0.015
          },
          {
            "type": "action",
            "id": "2",
            "x": -0.015,
            "y": -0.015
          },
          {
            "type": "action",
            "id": "3",
            "x": 0,
            "y": 0
          }
        ]
      },
      {
        "name": "LayoutAction",
        "id": "5",
        "timeline": {
          "base": "timeline",
          "from_end": false,
          "start_point": "0%",
          "length": "100%"
        },
        "inputs": [
          {
            "type": "action",
            "id": "4",
            "scale_width": 1.3,
            "scale_height": 1.3
          }
        ]
      }
    ]
  }
}