{
  "json_version": "2.2.0.0",
  "resource": {
    "video": [
      {
        "id": "#1",
        "name": "main"
      }
    ],
    "text": [
      {
        "id": "1",
        "content": "58同城",
        "size": 30,
        "argb": [
          255,
          255,
          100,
          50
        ],
        "font": "xxx",
        "bold": false,
        "italic": false
      }
    ]
  },
  "timeline": {
    "stages": [
      {
        "name": "VideoStage",
        "id": "1",
        "resource_id": "#1",
        "from_end": false,
        "start_point": "0",
        "length": "100%",
        "timeline": {
          "base": "timeline",
          "from_end": false,
          "start_point": "0"
        }
      }
    ]
  },
  "actions": {
    "video_actions": [
      {
        "name": "LayoutAction",
        "id": "1",
        "timeline": {
          "base": "timeline",
          "from_end": false,
          "start_point": "0%",
          "length": "100%"
        },
        "inputs": [
          {},
          {
            "type": "text",
            "id": "1",
            "animation":{
              "translation":[
                {
                  "value_size":"2",
                  "keys":[0,2000,4000],
                  "values":[-0.5,0.5,0.5,0.5,-0.5,0.5]
                }
              ]
            }
          }
        ]
      }
    ]
  }
}