{
  "json_version": "2.2.0.0",
  "resource": {
    "video": [
      {
        "id": "#1",
        "name": "main"
      }
    ]
  },
  "timeline": {
    "stages": [
      {
        "name": "VideoStage",
        "id": "1",
        "resource_id": "#1",
        "from_end": false,
        "start_point": "0",
        "length": "100%",
        "timeline": {
          "base": "timeline",
          "from_end": false,
          "start_point": "0"
        }
      }
    ]
  },
  "actions": {
    "video_actions": [
      {
        "name": "LayoutAction",
        "id": "1",
        "timeline": {
          "base": "timeline",
          "from_end": false,
          "start_point": "0%",
          "length": "100%"
        },
        "inputs": [
          {
            "scale_width":0.5,
            "scale_height":0.5,
            "x":-0.5,
            "y":-0.5
          },
          {
            "scale_width":0.5,
            "scale_height":0.5,
            "x":0.5,
            "y":-0.5
          },
          {
            "scale_width":0.5,
            "scale_height":0.5,
            "x":-0.5,
            "y":0.5
          },
          {
            "scale_width":0.5,
            "scale_height":0.5,
            "x":0.5,
            "y":0.5
          }
        ]
      }
    ]
  }
}