{
  "json_version": "2.2.0.0",
  "resource": {
    "video": [
      {
        "id": "#1",
        "name": "main"
      }
    ]
  },
  "timeline": {
    "stages": [
      {
        "name": "VideoStage",
        "id": "1",
        "resource_id": "#1",
        "from_end": false,
        "start_point": "0",
        "length": "100%",
        "timeline": {
          "base": "timeline",
          "from_end": false,
          "start_point": "0"
        }
      }
    ]
  },
  "actions": {
    "video_actions": [
      {
        "name": "LayoutAction",
        "id": "1",
        "blend_func":"overflow",
        "timeline": {
          "base": "timeline",
          "from_end": false,
          "start_point": "0%",
          "length": "100%"
        },
        "inputs": [
          {
            "scale_width":1,
            "scale_height":1,
            "x":0,
            "y":0
          },
          {
            "scale_width": 1,
            "scale_height": 1,
            "x": 0,
            "y": 0,
            "animation": {
              "scale": [
                {
                  "value_size":2,
                  "keys": [0,800],
                  "values": [
                    1,1,
                    2.5,2.5]
                }
              ],
              "alpha":[
                {
                  "keys":[0,300,800],
                  "values":[0,0.6,0]
                }
              ]
            }
          }
        ]
      }
    ]
  }
}