{
  "json_version": "2.2.0.0",
  "resource": {
    "text": [
      {
        "id": "1",
        "content": "58同城",
        "size": 30,
        "argb": [
          255,
          255,
          100,
          50
        ],
        "font": "xxx",
        "bold": false,
        "italic": false
      }
    ]
  },
  "timeline": {
    "type": "momentary"
  },
  "actions": {
    "video_actions": [
      {
        "name": "LayoutAction",
        "id": "1",
        "timeline": {
          "base": "timeline",
          "from_end": false,
          "start_point": "0%",
          "length": "100%"
        },
        "inputs": [
          {},
          {
            "type": "text",
            "id": "1",
            "x": 0.5,
            "y": 0.5
          }
        ]
      }
    ]
  }
}